CUSTOMER_ID,CRM_CNPJ,CnesId,CUSTOMER_FULL_NAME
0013h000010Mal8AAC,4.63745E+13,2755130,HOSPITAL REGIONAL DE PRESIDENTE PRUDENTE
0013h000010MilTAAS,3.09916E+12,2396866,SANTA CASA DE RONDONOPOLIS
0013h000010MaUuAAK,8.02612E+12,5073898,DOMINGOS LOURENCO - HOSPITAL E MATERNIDADE
0013h000010MhgCAAS,7.2724E+12,3053687,GASTROCLINICA
0013h000029SJOxAAO,3.947E+11,10537,HOSPITAL MATERNO INFANTIL DR ANTONIO LISBOA- HMIB
0013h000010MiLkAAK,2.70806E+13,2678179,HOSPITAL INFANTIL E MATERNIDADE ALZIR BERNARDINO ALVES
0013h000010MiOTAA0,2.52996E+12,2339196,HOSPITAL ESTADUAL DA MULHER DR JURANDIR DO NASCIMENTO HEMU
0013h000010Mig7AAC,2.97324E+12,2309254,MATERNIDADE DE ALTA COMPLEXIDADE DO MARANHAO
0013h000010MtD5AAK,5.14737E+13,2081458,SANTA CASA DE LIMEIRA
0013h000010LGlPAAW,6.07426E+13,2077620,HOSPITAL GERAL SANTA MARCELINA DO ITAIM PAULISTA
0013h000010MuZxAAK,4.63921E+13,2079186,HOSP MUN MAT ESC DR MARIO DE MORAES A SILVA
0013h000010MucwAAC,6.06786E+13,2079542,HOSPITAL E MATERNIDADE SANTA JOANA
0013h000010MufBAAS,4.63745E+13,2077671,HOSP EST DO GRAJAU PROF LIBERATO JOHN ALPHONSE DI DIO
0013h000010MuvJAAS,6.09614E+13,2089602,HOSPITAL SEPACO
0013h000010MvIuAAK,4.63745E+13,2087804,HOSPITAL REGIONAL JORGE ROSSMANN DE ITANHAEM
0013h000010McDEAA0,2.9435E+13,6668143,HOSPITAL E MATERNIDADE VITORIA
0013h000010MdFGAA0,7.65622E+13,2715864,HOSPITAL NOSSA SRA DAS GRACAS MATERNIDADE MATER DEI
0013h000010Mk0YAAS,7.68826E+13,3000907,HOSPITAL E MATERNIDADE SANTA BRIGIDA
0013h000010Mk8fAAC,7.65832E+13,15717,MATERNIDADE NOSSA SENHORA DE FATIMA
0013h000010MpESAA0,3.37811E+13,2708353,INSTITUTO FERNANDES FIGUEIRA
0013h000010MpOtAAK,2.94681E+13,2270609,HOSPITAL MUNICIPAL LOURENCO JORGE
0013h000010MpY5AAK,2.1583E+13,2295407,HOSPITAL MUNICIPAL ROCHA FARIA
0013h000010Mr8aAAC,2.94681E+13,2280248,HOSPITAL MATERNIDADE CARMELA DUTRA
0013h000010MrDXAA0,2.9435E+13,7421710,HOSPITAL PASTEUR
0013h000010McOrAAK,3.34195E+13,6159397,PERINATAL BARRA
0013h000010Mt6EAAS,4.63745E+13,2078104,HOSPITAL GERAL DE ITAPEVI
0013h000010MnfQAAS,1.5541E+12,2337800,HOSPITAL JACOB FACURI
0013h000010MdwUAAS,4.8852E+12,7047428,HOSPITAL E MATERNIDADE DRA ZILDA ARNS NEUMANN
0013h000010MhgBAAS,7.13697E+12,3394514,HOSPITAL GENESIS
0013h000010MhjsAAC,6.09757E+13,2611686,HOSPITAL CURA D'ARS
0013h000010Mhm1AAC,4.8852E+12,2651351,HOSPITAL DISTRITAL GONZAGA MOTA BARRA DO CEARA
0013h000010MhqhAAC,4.8852E+12,2529068,HOSPITAL DISTRITAL GONZAGA MOTA JOSE WALTER
0013h000010MhruAAC,7.95457E+12,2563681,HIAS - HOSPITAL INFANTIL ALBERT SABIN
0013h000010MidZAAS,2.97324E+12,2452383,HOSPITAL REGIONAL MATERNO INFANTIL DE IMPERATRIZ
0013h000010MigMAAS,6.2791E+12,0,HOSPITAL UNIVIVERSITARIO UNIDADE MATERNO INFANTIL
0013h000010MjkuAAC,6.38465E+13,5332427,SAUDE HOSPITAL E MATERNIDADE
0013h000010Mp0bAAC,7.95397E+11,2323508,CLINICA DE IMAGEM LUCIDIO PORTELLA
0013h000010Mp2FAAS,7.48191E+12,2551926,CLINICA SANTA FE LTDA
0013h000010MunRAAS,6.04709E+12,5907594,SAO LUIZ - UNIDADE ANALIA FRANCO
0013h000010MgcuAAC,6.06786E+13,9488227,HOSPITAL E MATERNIDADE SANTA MARIA
0013h000010MnTdAAK,6.16996E+13,2084163,HOSPITAL ESTADUAL DE DIADEMA GOVERNADOR ORESTES QUERCIA
0013h000010MojzAAC,4.46498E+13,9738754,HOSPITAL E MATERNIDADE NOTRECARE ABC
0013h000010Ma58AAC,1.39371E+13,3840,MATERNIDADE ALBERT SABIN
0013h000010MaatAAC,8.99392E+12,2362287,INSTITUTO DE SAUDE ELPIDIO DE ALMEIDA
0013h000010MgkpAAC,1.25178E+13,2009250,MATERNIDADE ESCOLA SANTA MONICA
0013h000010MhGxAAK,4.06372E+13,2799278,HOSPITAL INACIA PINTO DOS SANTOS
0013h000010MhWAAA0,1.18586E+13,2386569,MATERNIDADE PROFESSOR JOSE MARIA DE MAGALHAES NETO
0013h000010MhqnAAC,1.51264E+13,2481286,MATERNIDADE ESCOLA ASSIS CHATEAUBRIAND
0013h00001BJvtmAAD,2.44641E+13,2006197,HOSPITAL UNIVERSITARIO PROF ALBERTO ANTUNES
0013h000029SJ4MAAW,2.56484E+13,2146355,HOSPITAL DE CLINICAS DA UFU
0013h000010MjTSAA0,2.36472E+13,2129469,SANTA CASA DE POCOS DE CALDAS
0013h000010MkGVAA0,3.04148E+11,2591049,HOSPITAL ITAMED
0013h000010MkQhAAK,8.02389E+13,2686953,SANTA CASA DE MISERICORDIA DE PONTA GROSSA
0013h00002BqwSTAAZ,1.51264E+13,27049,HOSPITAL DAS CLINICAS DA UFMG
0013h000010Ma53AAC,8.53772E+13,5504775,UNIMED LITORAL
0013h000010MjxXAAS,7.60819E+13,2738899,HOSPITAL POLICLINICA CASCAVEL
0013h000010MkHwAAK,7.81432E+13,2783789,SANTA CASA DE IRATI
0013h000010MkQIAA0,8.09262E+12,17884,HOSPITAL SAO LUCAS
0013h000010MshhAAC,5.32213E+13,2704900,HOSPITAL UNIVERSITARIO SAO FRANCISCO NA PROVIDENCIA DE DEUS
0013h000010MZlCAAW,6.18001E+12,5412447,HOSPITAL PUBLICO MUNICIPAL DE MACAE HPM
0013h000010MaGOAA0,4.24987E+13,6518893,HOSPITAL DA MULHER HELONEIDA STUDART
0013h000010MbMxAAK,3.5918E+13,6635148,HOSPITAL UNIMED
0013h000010MeBiAAK,2.94681E+13,7027397,HOSPITAL MATERNIDADE MARIA AMELIA BUARQUE DE HOLLANDA
0013h000010MeSEAA0,6.04709E+12,7244339,HOSPITAL CAXIAS D'OR
0013h000010Mp8LAAS,2.89479E+13,2298317,HOSPITAL DOS PLANTADORES DE CANA
0013h000010MpABAA0,3.45247E+12,2290227,HOSPITAL MUNICIPAL ADAO PEREIRA NUNES
0013h000010MpBQAA0,2.96406E+13,2278855,HOSPITAL SAO JOSE DO AVAI
0013h000029SAEoAAO,3.16359E+13,2299216,HOSPITAL SAMER SERVICO DE ASSISTENCIA MEDICA DE RESENDE
0013h000010MpYQAA0,3.37568E+13,3046281,CASA DE SAUDE NOSSA SENHORA DO CARMO
0013h000029SsdWAAS,2.94681E+13,2270269,SMS HOSPITAL MUNICIPAL MIGUEL COUTO AP 21
0013h000010Mr7IAAS,3.36637E+13,2270021,MATERNIDADE ESCOLA DA UFRJ
0013h000010MrBjAAK,2.94681E+13,2270390,UNIDADE INTEGRADA DE SAUDE HERCULANO PINHEIRO
0013h000010MrHIAA0,2.94681E+13,2298120,HOSPITAL MUNICIPAL ALBERT SCHWEITZER
0013h000010MrIdAAK,6.16996E+13,6995462,HOSPITAL MUNICIPAL PEDRO II AP 53
0013h000010MrQ4AAK,2.94681E+13,2269945,HOSPITAL MATERNIDADE ALEXANDER FLEMING
0013h000010MrVNAA0,2.90633E+13,25135,HOSPITAL SAO JOAO BATISTA
0013h000010MeRdAAK,8.02574E+13,6542638,HOSPITAL UNIVERSITARIO REGIONAL DOS CAMPOS GERAIS
0013h000010MtRyAAK,5.43846E+13,2087057,HOSPITAL DOS FORNECEDORES DE CANA DE PIRACICABA
0013h000010MifWAAS,1.51264E+13,2726653,HOSPITAL UNIVERSITARIO DA UFMA
0013h000010MjssAAC,1.51264E+13,2400243,HOSPITAL UNIVERSITARIO LAURO WANDERLEY
0013h000010MvHOAA0,4.63745E+13,2792176,HOSPITAL GERAL DE ITAPECERICA DA SERRA
0013h000010MpLuAAK,2.91383E+13,2275562,HOSPITAL ALCIDES CARNEIRO
0013h000023ajEVAAY,3.947E+11,10499,HRT HOSPITAL REGIONAL DE TAGUATINGA
0013h000010MrT5AAK,3.21901E+13,2297795,HOSPITAL DAS CLINICAS DE TERESOPOLIS
0013h000010Mla2AAC,2.84812E+13,5717515,HRSM - HOSPITAL REGIONAL DE SANTA MARIA
0013h000010MszYAAS,4.63745E+13,3028399,HOSPITAL ESTADUAL FRANCISCO MORATO
0013h000029SBZOAA4,7.65551E+13,3000869,HOSPITAL SANTA CRUZ
0013h000010Mv9bAAC,4.63745E+13,2079828,HOSPITAL GERAL DE PIRAJUSSARA
0013h000010McswAAC,7.64169E+13,6424341,HOSPITAL REGIONAL DO SUDOESTE WALTER ALBERTO PECOITS
0013h000010MsSNAA0,7.34334E+13,2568713,HOSPITAL REGIONAL ALTO VALE
0013h000010MsuiAAC,4.63745E+13,2792168,HOSP GERAL DR FRANCISCO DE M C FILHO DE CARAPICUIBA
0013h000010MtJ0AAK,4.6523E+13,2082349,HOSPITAL DE CLINICAS DR RADAMES NARDINI
0013h00002B7Bd3AAF,5.65771E+13,2078015,FUNDACAO FACULDADE DE MEDICINA
0013h000010Mv8iAAC,1.1344E+13,2079860,HOSPITAL E MATERNIDADE DE SUZANO
0013h000010MjS1AAK,2.32789E+13,2775999,SANTA CASA
0013h000010MclSAAS,2.97324E+12,0,HOSPITAL INFANTIL DR. JUVENCIO MATTOS
0013h000010MZodAAG,4.6523E+13,6095666,HOSPITAL MUNICIPAL DE BARUERI DR. FRANCISCO MORAN
0013h000010MkMlAAK,7.91158E+13,2594714,SANTA CASA DE MARINGA - HOSPITAL E MAT. M. AUXILIADORA
0013h000010MkKEAA0,7.86138E+13,2550792,HOSPITAL EVANGELICO DE LONDRINA
0013h000010MkTmAAK,5.86649E+12,3005011,NOROSPAR
0013h000010MiKMAA0,3.24792E+13,4044916,HOSPITAL UNIVERSITARIO CASSIANO ANTONIO MORAES HUCAM
0013h000010MiuaAAC,1.70829E+13,2138875,SANTA CASA DE MISERICORDIA DE BARBACENA
0013h000010MjMcAAK,1.98439E+13,2111624,HOSPITAL JOAO PENIDO
0013h000010MjMiAAK,2.15757E+13,2153882,SANTA CASA DE MISERICORDIA DE JUIZ DE FORA
0013h00002B5mMwAAJ,4.63745E+13,2081695,CONJUNTO HOSPITALAR SOROCABA
0013h000010Mv5oAAC,4.54E+13,2708566,HOSPITAL UNIMED DE SOROCABA DR MIGUEL VILLA NOVA SOEIRO
0013h000010Mv6HAAS,6.09908E+13,2765942,HOSPITAL SANTA LUCINDA
0013h000010MZjrAAG,2.54593E+13,26794,HOSPITAL SOFIA FELDMAN
0013h000010MivHAAS,1.65132E+13,3702693,MATERNIDADE UNIMED - UNIDADE GRAJAU
0013h000029SKQcAAO,2.26754E+13,2219654,HOSPITAL UNIVERSITARIO CLEMENTE DE FARIA
0013h000029StYoAAK,1.72099E+13,27014,SANTA CASA DE MISERICORDIA DE BELO HORIZONTE
0013h000010MjaEAAS,2.5761E+13,2151871,HOSPITAL SANTA CLARA
0013h000010MeFIAA0,2.70806E+13,7257406,HOSPITAL ESTADUAL DR. JAYME SANTOS NEVES
0013h000010Me6ZAAS,3.14601E+13,2288907,APMIR
0013h000010MfzdAAC,1.08341E+13,7011857,SES RJ COMPLEXO REG DE MESQUITA MATERNID E CLINICA DA MULHER
0013h000010MZNKAA4,8.4012E+13,2566168,HOSPITAL MATERNO INFANTIL NOSSA SENHORA DE NAZARETH
0013h000010Mi2nAAC,6.04709E+12,3019608,HOSPITAL SANTA HELENA
0013h000029SeIqAAK,1.49206E+13,2494523,FEMINA HOSPITAL INFANTIL E MATERNIDADE
0013h000010MiRyAAK,2.66181E+13,3427633,MATERNIDADE AMPARO
0013h000010MiZlAAK,2.52996E+12,2506858,HOSPITAL E MATERNIDADE DONA IRIS
0013h000010MiiDAAS,5.87761E+12,2311682,HOSPITAL BENEFICENTE SANTA HELENA
0013h000010MikbAAC,3.46849E+12,2659107,HOSPITAL GERAL E MATERNIDADE DE CUIABA
0013h00002B5mJgAAJ,5.65771E+13,2078015,HC DA FMUSP HOSPITAL DAS CLINICAS SAO PAULO
0013h000010MsYeAAK,1.49869E+13,6943284,MATERNIDADE GOTA DE LEITE DE ARARAQUARA
0013h000010MsgpAAC,4.62304E+13,2748223,HOSPITAL DAS CLINICAS DA FACULDADE DE MEDICINA DE BOTUCATU
0013h000010MtTUAA0,4.63745E+13,2750511,HOSPITAL ESTADUAL DE PRESIDENTE PRUDENTE
0013h000010MtVIAA0,6.35541E+13,2078791,HOSPITAL MATERNIDADE RP
0013h000029SNtwAAG,5.63842E+13,2082888,SANTA CASA DE MISERICORDIA
0013h000010Mp2uAAC,5.78155E+13,2280868,HOSPITAL E MATERNIDADE DE ANGRA DOS REIS HMAR
0013h000010Mj88AAC,6.35541E+13,27871,MATERNIDADE OCTAVIANO NEVES
0013h000010MioeAAC,3.27269E+12,9768,ASSOCIACAO DE AMPARO A MATERNIDADE E A INFANCIA
0013h000010MpDMAA0,6.08849E+13,3065634,CHN - COMPLEXO HOSPITALAR DE NITEROI
0013h000010MpDRAA0,1.51264E+13,12505,HOSPITAL UNIVERSITARIO ANTONIO PEDRO
0013h000010MpFAAA0,4.24987E+13,12521,HOSPITAL ESTADUAL AZEVEDO LIMA
0013h000010MpSQAA0,3.94544E+11,2269880,HOSPITAL GERAL DE BONSUCESSO RJ
0013h000010LGWzAAO,4.28752E+12,4001303,HOSPITAL DE BASE DE RONDONIA
0013h000010MsAiAAK,1.36823E+12,2755165,HOSPITAL DOM ORIONE
0013h000010MuHOAA0,2.50531E+13,2755157,HOSPITAL E MATERNIDADE DONA REGINA (MATERNO INFANTIL)
0013h000010LezjAAC,4.93393E+12,2332930,MATERNIDADE DO POVO
0013h00001BJvp6AAD,8.83369E+12,2362821,CLINICA PRONTO SOCORRO INFANTIL E HOSPITAL GERAL
0013h000010MjrsAAC,3.55017E+13,2399644,MATERNIDADE CANDIDA VARGAS
0013h000010MjMOAA0,2.1583E+13,2153084,HOSPITAL E MATERNIDADE THEREZINHA DE JESUS
0013h000010LGfnAAG,6.04709E+12,3005402,HOSPITAL SANTA LUZIA
0013h000029SKAzAAO,25841000153,2815966,HOSPITAL SANTA LUCIA
0013h000010Mi1yAAC,3.947E+11,10502,HOSPITAL REGIONAL DE SOBRADINHO
0013h00002B5mWkAAJ,1.08922E+13,1120,HOSPITAL PORTUGUES
0013h000010MkgiAAC,1.0572E+13,418,HOSPITAL AGAMENON MAGALHAES
0013h000010Mkh1AAC,1.0572E+13,2427427,HOSPITAL BARAO DE LUCENA
0013h000010MkhCAAS,2.41345E+13,396,HOSPITAL DAS CLINICAS DA UFPE
0013h000029SdnTAAS,1.09883E+13,434,IMIP
0013h000010MrYcAAK,8.3807E+12,3649563,HOSPITAL UNIMED NATAL
0013h000010Msf5AAC,4.63745E+13,2790580,MATERNIDADE SANTA ISABEL
0013h00002B75l3AAB,38174000658,10510,HOSPITAL UNIVERSITARIO DE BRASILIA
0013h000029SRoPAAW,4.63745E+13,2077493,HOSPITAL GERAL DE SAO MATEUS SAO PAULO
0013h000010MvHCAA0,4.63745E+13,2077426,HOSPITAL GERAL HENRIQUE ALTIMEYER DE VILA ALPINA
0013h000010MsyoAAC,4.79691E+13,2705982,SANTA CASA DE FRANCA
0013h000010MszAAAS,4.53096E+13,2080753,SAO JOAQUIM HOSPITAL E MATERNIDADE
0013h000010MtWNAA0,5.59898E+13,2084414,SANTA CASA DE RIBEIRAO PRETO
0013h000010MnWRAA0,1.51264E+13,2244306,HOSPITAL UNIVERSITARIO DE SANTA MARIA
0013h000010MvIWAA0,4.39877E+13,2040069,HOSPITAL MATERNIDADE JESUS JOSE E MARIA
0013h000010MtL3AAK,5.274E+13,2096463,SANTA CASA DE MOGI GUACU
0013h000010Ms7CAAS,9.58157E+13,2254611,HOSPITAL VIDA & SAUDE
0013h00001BJwe5AAD,9.20305E+13,2246929,HOSPITAL DE CLINICAS
0013h000010MoSmAAK,2.38763E+13,9365230,HOSPITAL BOM SAMARITANO DE MARINGA
0013h00001BJx8tAAD,8.29512E+13,2555646,HOSPITAL REGIONAL HOMERO DE MIRANDA GOMES HRHMG
0013h000010MrrFAAS,8.76478E+13,3506959,HOSPITAL UNIMED IJUI
0013h000021GSwFAAW,1.87154E+13,2126494,CENTRO MATERNO INFANTI DE BETIM
0013h000022YjBoAAK,1.0895E+13,7958838,HOSPITAL DA MULHER DO RECIFE
0013h000010MafxAAC,4.46498E+13,9554157,HOSPITAL SALVALUS
0013h000010MscGAAS,5.90426E+13,3272591,HOSPITALIS BARUERI
0013h000010Msw2AAC,4.63745E+13,2792141,HOSPITAL REGIONAL DE COTIA
0013h000010MtMMAA0,4.46498E+13,2079887,HOSPITAL CRUZEIRO DO SUL
0013h000010MtPjAAK,6.16996E+13,2066092,HOSPITAL GERAL DE PEDREIRA
0013h000010MuGmAAK,4.63921E+13,2075717,HOSPITAL MUNICIPAL E MATERNIDADE PROF MARIO DEGNI
0013h000010Mv4nAAC,4.46498E+13,2082101,HOSPITAL MODELO
0013h000029StYpAAK,1.66921E+13,2192896,HOSPITAL METROPOLITANO ODILON BEHRENS - HOB
0013h000010MenYAAS,2.54523E+13,2195585,MARIO PALMERIO HOSPITAL UNIVERSITARIO
0013h000010MZO9AAO,4.63921E+13,5718368,HOSPITAL MUNICIPAL M BOI MIRIM
0013h000010MbXuAAK,6.35541E+13,6558143,HOSPITAL TEREZA DE LISIEUX
0013h000010McMdAAK,8.17086E+12,2473380,HOSPITAL MATERNIDADE DO DIVINO AMOR
0013h000010MjuSAAS,1.08482E+13,2400324,HOSPITAL EDSON RAMALHO
0013h000010MkWmAAK,1.0572E+13,2351994,HOSPITAL DE CARUARU JESUS NAZARENO
0013h000010MkWpAAK,2.44492E+13,5615895,HOSPITAL UNIMED CARUARU
0013h000010Mki0AAC,6.04709E+12,2517140,HOSPITAL MEMORIAL SAO JOSE
0013h000010MnYdAAK,1.10226E+13,2711613,CENTRO UNIVERSITARIO INTEGRADO DE SAUDE AMAURY DE MEDEIROS-CISAM
0013h000010MrZcAAK,1.51264E+13,2409208,MATERNIDADE ESCOLA JANUARIO CICCO
0013h000010MragAAC,8.24175E+12,2408570,HOSPITAL DR JOSE PEDRO BEZERRA
0013h00002B5mfeAAB,2.4082E+13,2025523,HOSPITAL DAS CLINICAS HCFAMEMA
0013h000010MtFQAA0,9.52844E+12,5860490,HOSPITAL BENEFICENTE UNIMAR
0013h000010MtfUAAS,6.00038E+13,2077396,HOSPITAL DE BASE DE SJRP
0013h000010MtgcAAC,5.99817E+13,2798298,SANTA CASA DE MISERICORDIA
0013h000010MvELAA0,1.30255E+13,2232,HOSPITAL E MATERNIDADE SANTA ISABEL
0013h000010MvEwAAK,1.30861E+13,2593,HOSPITAL E MATERNIDADE SANTA HELENA
0013h000010LlOgAAK,1.0437E+13,5714397,MATERNIDADE NOSSA SENHORA DE LOURDES
0013h000010MZonAAG,1.39371E+13,4170,MATERNIDADE TSYLLA BALBINO
0013h000010Mb0ZAAS,1.39371E+13,6602533,HOSPITAL ESTADUAL DA CRIANCA
0013h000010MjsNAAS,8.77827E+12,2707527,MATERNIDADE FREI DAMIAO
0013h000010MlP0AAK,6.35541E+13,9069747,HOSPITAL VASCO LUCENA
0013h000010LGawAAG,7.86405E+13,2781859,HOSPITAL UNIVERSITARIO REGIONAL DO NORTE DO PARANA
0013h000010MkddAAC,1.12146E+13,895490,HOSPITAL UNIMED RECIFE
0013h000010MkSNAA0,7.61055E+13,2753278,HOSPITAL E MATERNIDADE MUNICIPAL DE SAO JOSE DOS PINHAIS
0013h000010MmVCAA0,2.38133E+13,9170111,NATUS LUMINE MATERNIDADE E HOSPITAL
0013h000010McJXAA0,7.91513E+13,2587335,UEM
0013h000010MuGPAA0,4.63745E+13,2077701,HOSPITAL MATERNIDADE LEONOR MENDES DE BARROS
0013h000010Mj7ZAAS,1.98439E+13,26972,HOSPITAL MATERNIDADE ODETE VALADARES
0013h000029SQHJAA4,7.58023E+13,13846,HOSPITAL DO ROCIO
0013h000029SJGcAAO,1.51264E+13,2384299,COMPLEXO DO HOSPITAL DE CLINICAS DA UFPR (HC E MVFA)
0013h000023aOydAAE,6.09676E+13,15245,HOSPITAL UNIVERSITARIO EVANGELICO MACKENZIE
0013h000010MkCvAAK,7.65622E+13,15318,HOSPITAL NOSSA SENHORA DAS GRACAS
0013h000010MkE3AAK,7.64169E+13,15369,HOSPITAL GERAL MAURO SENNA GOULART
0013h000010Mrv5AAC,8.26541E+13,2558254,HOSPITAL SANTO ANTONIO
0013h000010MsJVAA0,8.29512E+13,19283,MATERNIDADE CARMELA DUTRA MCD
0013h000010MsM1AAK,9.58375E+13,3499502,CLINICA SANTA HELENA
0013h000010MsOTAA0,3.99135E+13,2306344,HOSPITAL E MATERNIDADE JARAGUA
0013h000010MsS2AAK,8.29512E+13,2436477,MATERNIDADE DARCY VARGAS
0013h000010MfrdAAC,1.13162E+13,7306504,HOSPITAL PREMIUM
0013h000010MiRVAA0,2.47904E+13,2518392,MATERNIDADE ELA
0013h00002B8KLsAAN,4.63745E+13,2077523,UNIDADE DE GESTAO ASSISTENCIAL II HOSPITAL IPIRANGA
0013h00002B5mAgAAJ,6.07658E+13,2058391,HOSPITAL ISRAELITA ALBERT EINSTEIN
0013h00001BJx2mAAD,8.70205E+13,2237601,HOSPITAL DE CLINICAS
0013h000010MrjaAAC,8.78277E+13,3356868,HOSPITAL UNIMED CAXIAS DO SUL
0013h000010MrjcAAC,8.86488E+13,2223538,HOSPITAL GERAL DE CAXIAS DO SUL
0013h000010MrqRAAS,1.51264E+13,2252694,HOSPITAL ESCOLA DA UNIVERSIDADE FEDERAL DE PELOTAS
0013h000010MroxAAC,9.20211E+13,2246988,HOSPITAL SAO VICENTE DE PAULO
0013h000010MrqMAAS,9.22389E+13,2253046,UCPEL- HOSPITAL UNIVERSITARIO SAO FRANCISCO DE PAULA
0013h000010MrueAAC,9.27871E+13,2237571,HOSPITAL NOSSA SENHORA DA CONCEICAO
0013h000010MrvmAAC,8.73178E+13,2237598,HOSPITAL DIVINA PROVIDENCIA
0013h000029SdwBAAS,9.26858E+13,3006522,HOSPITAL MOINHOS DE VENTO
0013h000010Ms6bAAC,9.29312E+13,2232022,HOSPITAL CENTENARIO
0013h000010Ms7BAAS,9.56109E+13,2244276,HOSPITAL DE CARIDADE DR ASTROGILDO DE AZEVEDO
0013h000010Ms7AAAS,9.54384E+13,2254964,HOSPITAL SANTA CRUZ
0013h000010Mre8AAC,8.77687E+13,2266474,HOSPITAL DE CARIDADE E BENEFICENCIA
0013h000029SQc9AAG,8.94287E+13,2249472,HOSPITAL DE CARIDADE DE ERECHIM
0013h000010MrkhAAC,8.94213E+13,2707918,HOSPITAL SANTA TEREZINHA
0013h000010MrdTAAS,9.54224E+13,2232081,HOSPITAL ALVORADA
0013h000010MrdoAAC,8.75474E+13,2241021,HOSPITAL TACCHINI
0013h000010MgXKAA0,8.31023E+13,6854729,HOSPITAL MUNICIPAL RUTH CARDOSO
0013h000010MsocAAC,4.6044E+13,2022621,HOSPITAL MATERNIDADE DE CAMPINAS
0013h000010Mt1YAAS,5.75713E+13,2027356,HOSPITAL MUNICIPAL UNIVERSITARIO
0013h000010MhYEAA0,1.39371E+13,3859,HOSPITAL GERAL ROBERTO SANTOS
0013h000010Mt3oAAC,4.63745E+13,2080338,HOSPITAL GERAL DE GUARULHOS PROF DR WALDEMAR DE CARVALHO
0013h000010MtAFAA0,5.09853E+13,3012212,HU - HOSPITAL UNIVERSITARIO
0013h000010MtNpAAK,4.65232E+13,8036,HOSPITAL E MATERNIDADE AMADOR AGUIAR
0013h000010MtT5AAK,5.75713E+13,2716097,COMPLEXO HOSPITALAR IRMA DULCE O S S
0013h000010MtkcAAC,6.06786E+13,3037274,PRO MATRE PAULISTA
0013h000010MhjhAAC,7.95457E+12,2499363,HOSPITAL GERAL DR CESAR CALS DE OLIVEIRA
0013h000010Me6aAAC,2.91383E+13,7591136,MATERNIDADE MUNICIPAL MARIANA BULHOES
0013h000029SIedAAG,6.65183E+13,7041624,MATERNIDADE DA MULHER MARISKA RIBEIRO
0013h000010MpH8AAK,2.47125E+11,6861873,MATERNIDADE SAO FRANCISCO
0013h000010Mt0uAAC,4.86973E+13,2754843,HOSPITAL SANTO AMARO
0013h000010Mht1AAC,7.81831E+12,3021114,SANTA CASA DE MISERICORDIA DE SOBRAL
0013h000010Mu1LAAS,1.82903E+13,3008398,CASA DE SAUDE SANTOS
0013h000010Mu3qAAC,5.82134E+13,2078740,HOSPITAL SAO LUCAS DE SANTOS
0013h000010MhotAAC,7.95457E+12,2333848,HOSPITAL GERAL DR WALDEMAR ALCANTARA
0013h000010MhpUAAS,7.95457E+12,2497654,HOSPITAL GERAL DE FORTALEZA
0013h000010MuMhAAK,4.63745E+13,2065665,HOSPITAL MATERNIDADE INTERLAGOS
0013h00002B5lujAAB,3.947E+11,10480,HOSPITAL REGIONAL DE CEILANDIA
0013h000010Mi7vAAC,6.08849E+13,7539797,MATERNIDADE BRASILIA
0013h000010MjyvAAC,7.86803E+13,2738368,HOSPITAL UNIVERSITARIO DO OESTE DO PARANA
0013h000010Mk0ZAAS,7.51055E+13,3000877,MATERNIDADE CURITIBA
0013h000010Mu1vAAC,6.82537E+13,2025760,HOSPITAL ANA COSTA
0013h000010Mu4hAAC,4.63745E+13,2082225,HOSPITAL KATIA DE SOUZA RODRIGUES TAIPASSP SAO PAULO
0013h000023ahxeAAA,1.5676E+12,2338424,HOSPITAL DAS CLINICAS DA UFG
0013h000010MjYGAA0,2.54375E+13,2206595,HOSPITAL DE CLINICAS DA UFTM
0013h000010MjjJAAS,2.2981E+13,2333031,HOSPITAL DE CLINICAS GASPAR VIANNA
0013h000010MjnNAAS,4.92935E+12,2752700,SANTA CASA DE MISERICORDIA DO PARA
0013h000010MmxeAAC,4.46498E+13,9255826,HOSPITAL E MATERNIDADE GUARULHOS
0013h000018HDCDAA4,1.51707E+13,0,LIGA ALVARO BAHIA CONTRA A MORTALIDADE INFANTIL
0013h000010MthcAAC,4.63921E+13,2786680,HOSPITAL MUNICIPAL DR. FERNANDO MAURO PIRES DA ROCHA
0013h000010MsX2AAK,4.37515E+13,2078775,SANTA CASA DE ARACATUBA HOSPITAL SAGRADO CORACAO DE JESUS
0013h000010MsZRAA0,4.63745E+13,2083094,HOSPITAL REGIONAL DE ASSIS
0013h000010Msb9AAC,4.47828E+13,2092611,SANTA CASA DE MISERICORDIA DE BARRETOS
0013h00002B5mRQAAZ,4.60203E+13,2082128,HOSPITAL E MATERNIDADE CELSO PIERRO
0013h000010Msv5AAC,4.70749E+13,2089327,HOSPITAL PADRE ALBINO
0013h000010MuD7AAK,6.09752E+13,2080796,HOSPITAL E MATERNIDADE SAO CRISTOVAO
0013h000010Mu1OAAS,4.63745E+13,2079720,HOSPITAL GUILHERME ALVARO
0013h000010MaiOAAS,2.71926E+13,2485729,HIFA - HOSPITAL MATERNO INFANTIL FRANCISCO DE ASSIS
0013h000010MiCCAA0,3.2441E+13,2548127,MATERNIDADE E PRONTO ATENDIMENTO UNIMED
0013h000029SPLXAA4,2.75027E+13,2448521,HOSPITAL SAO JOSE
0013h000010MiElAAK,2.78363E+13,2465833,HOSPITAL RIO DOCE
0013h000010MiFVAA0,2.20909E+12,3450198,VITORIA APART HOSPITAL
0013h000010MiJtAAK,2.7435E+13,3188213,MATERNIDADE SANTA URSULA
0013h000010MjxTAAS,2.19986E+13,2738309,HOSPITAL DE ENSINO SAO LUCAS
0013h000010MivOAAS,1.66765E+13,27995,HOSPITAL MATER DEI
0013h000010MZntAAG,4.65229E+13,6020917,HOSPITAL DA MULHER MARIA JOSE DOS SANTOS STEIN
0013h000010MsH1AAK,2.12291E+12,2537788,HOSPITAL REGIONAL DO OESTE
0013h000010MrleAAC,9.11625E+13,2252287,HOSPITAL BRUNO BORN
0013h000010LGjhAAG,5.29443E+11,2002078,HOSPITAL SANTA JULIANA
0013h00001BJx36AAD,3.94544E+11,2237822,HOSPITAL MATERNO INFANTIL PRESIDENTE VARGAS
0013h000010Mj12AAC,1.98439E+13,27022,HOSPITAL JULIA KUBITSCHEK
0013h000029SdzaAAC,5.43706E+13,2772310,SANTA CASA DE PIRACICABA
0013h00002B85OrAAJ,4.60684E+13,0,HOSPITAL DAS CLINICAS DA UNICAMP DE CAMPINAS
0013h000023aTxzAAE,4.63745E+13,2077574,CONJUNTO HOSPITALAR DO MANDAQUI SAO PAULO
0013h00002B5mRSAAZ,5.77221E+13,2082187,HOSPITAL DAS CLINICAS DA FACULDADE DE MEDICINA DE RPUSP
0013h000010MsUrAAK,8.94287E+13,2411393,HOSPITAL REGIONAL SAO PAULO
0013h000010MaUDAA0,7.65622E+13,2439263,HNSG - HOSPITAL PROVIDENCIA MATERNO INFANTIL
0013h000010Ma50AAC,8.06123E+13,14109,HOSPITAL SANTA CASA
0013h000010MrdeAAC,8.74088E+13,2261987,SANTA CASA DE CARIDADE DE BAGE
0013h000010MsI8AAK,9.59911E+13,2302101,HOSPITAL HELIO ANJOS ORTIZ
0013h000010MsH6AAK,8.3506E+13,2303892,HOSPITAL SAO FRANCISCO
0013h000010Mcf4AAC,1.10557E+13,2232146,FUNDACAO DE SAUDE PUBLICA DE NOVO HAMBURGO - FSNH
0013h000010Mrj1AAC,8.86454E+13,2223570,HOSPITAL DO CIRCULO
0013h000010MkNNAA0,7.72654E+13,2587165,HOSPITAL PARANA
0013h00001BJxD5AAL,2.9435E+13,2081628,HOSPITAL CARLOS CHAGAS
0013h000010MiqzAAC,3.60478E+12,2371375,HOSPITAL EVANGELICO DR E SRA GOLDSBY KING
0013h000010Ms7qAAC,2.87005E+13,2793008,HOSPITAL TRAMANDAI
0013h000010MZoHAAW,1.51264E+13,2710935,HOSPITAL UNIVERSITARIO DA GRANDE DOURADOS
0013h000010MsRHAA0,8.29512E+13,2504332,HOSPITAL E MATERNIDADE TEREZA RAMOS
0013h000010MjH4AAK,2.01461E+13,2159252,HOSPITAL SAO JOAO DE DEUS
0013h000029SJw2AAG,1.66765E+13,9696733,HOSPITAL MATER DEI S.A.
0013h000010MreDAAS,9.54224E+13,2232103,HOSPITAL PADRE JEREMIAS
0013h000010MreZAAS,9.07305E+13,2261057,HOSPITAL DE CLINICAS IJUI - HCI
0013h000010MlABAA0,7.64169E+13,3316300,HOSPITAL REGIONAL DO NORTE PIONEIRO
0013h000010MjC5AAK,1.87209E+13,27863,HOSPITAL RISOLETA TOLENTINO NEVES
0013h000029STH7AAO,4.03453E+12,2000733,MATERNIDADE E CLINICA DE MULHERES BARBARA HELIODORA
0013h000029SXxSAAW,2.94681E+13,2270714,INSTITUTO MUNICIPAL DA MULHER FERNANDO MAGALHAES
0013h000010MlTnAAK,1.82121E+13,2191164,CENTRO MATERNO INFANTIL JUVENTINA PAULA DE JESUS
0013h000018HDEAAA4,1.07063E+13,7366108,HOSPITAL DAS CLINICAS DOUTOR MARIO RIBEIRO DA SILVEIRA
0013h000010MjSdAAK,1.98439E+13,2726726,HOSPITAL REGIONAL ANTONIO DIAS
0013h000010Mt4jAAC,7.44661E+13,7013981,UNIMED DE GUARULHOS
0013h000010MgqLAAS,1.65132E+13,9755128,HOSPITAL UNIMED - UNIDADE BETIM
0013h000010Mit6AAC,1.68261E+13,2145960,SANTA CASA DE MISERICORDIA DE ARAGUARI
0013h000010MnuGAAS,6.35541E+13,7975023,HOSPITAL AMERICA
0013h000010McTWAA0,8.29967E+13,5712068,HOSPITAL UNIMED CRICIUMA
0013h000010MsULAA0,6.09222E+13,2491710,HOSPITAL NOSSA SENHORA DA CONCEICAO
0013h000010MsBiAAK,2.87005E+13,2691515,HOSPITAL REGIONAL DEPUTADO AFFONSO GHIZZO
0013h00002B5mKvAAJ,9.2815E+13,2237253,IRMANDADE DA SANTA CASA DE MISERICORDIA DE PORTO ALEGRE
0014X00002kHU8iQAG,6.35541E+13,797146,HOSPITAL BRASILIENSE
0014X00002g7t7YQAQ,0,2712008,HOSPITAL JOAO MURILO DE OLIVEIRA
0013h000010MqICAA0,3.16359E+13,9837426,GLORIA D'OR
0013h000010MjYEAA0,2.53358E+13,2195437,HOSPITAL SANTA ISABEL
0013h00001tpZILAA2,6.04709E+12,993956,MATERNIDADE SAO LUIZ STAR
0013h000010MuqrAAC,4.63921E+13,2080583,HOSPITAL MUNICIPAL TIDE SETUBAL
0013h000010MuzjAAC,4.63921E+13,2082829,HOSPITAL MUNICIPAL PROFESSOR DR. ALIPIO CORREA NETO
0013h000010MuGzAAK,4.63745E+13,2091585,HOSPITAL ESTADUAL DE SAPOPEMBA SAO PAULO
0013h000010MascAAC,6.08282E+12,2453665,MATERNIDADE CARMOSINA COUTINHO
0013h000010Mh8lAAC,6.09757E+13,2020890,HOSPITAL SAO CAMILO E SAO LUIS
0013h00001OZe2FAAT,1.51264E+13,9709,HOSPITAL UNIVERSITARIO MARIA APARECIDA PEDROSSIAN
0013h000010MinfAAC,3.27652E+12,9717,ASSOCIACAO BENEFICENTE SANTA CASA DE CAMPO GRANDE
0013h000010MipjAAC,4.22873E+12,9725,HOSPITAL REGIONAL DE MATO GROSSO DO SUL
0013h000010MkUZAA0,8.16447E+13,2568373,ASSOCIACAO DE PROTECAO A MATERNIDADE E A INFANCIA
0013h000010MkGvAAK,7.78935E+13,2741989,HOSPITAL DE CARIDADE SAO VICENTE DE PAULO
0014X00002lZSIyQAO,7.99547E+12,2323397,MATERNIDADE DONA EVANGELINA ROSA - MDER
0013h000010MshIAAS,4.56153E+13,2688433,COMPLEXO HOSPITALAR SANTA CASA BRAGANCA PAULISTA
0013h000010Mv7uAAC,4.63745E+13,2083981,HOSPITAL ESTADUAL SUMARE
0013h000010MtApAAK,4.46498E+13,2078066,HOSPITAL PAULO SACRAMENTO
0013h000010MhsFAAS,6.09757E+13,2552086,HOSPITAL MATERNIDADE SAO VICENTE DE PAULO
0013h000010Mh8eAAC,2.30862E+13,2020068,HOSPITAL MATERNIDADE
0013h000010MaYdAAK,6.97295E+11,3004104,MATERNIDADE AZILDA DA SILVA MARREIRO
0013h000010MjIAAA0,2.06229E+13,2222043,HOSPITAL MUNICIPAL DE GOVERNADOR VALADARES
0013h000010MZBlAAO,6.20075E+12,3018172,HOSPITAL MUNICIPAL MATERNO INFANTIL NOSSA SENHORA DAS MERCES
0013h000010MZCOAA4,8.77827E+12,2605414,MATERNIDADE PEREGRINO FILHO
0013h000010MZlwAAG,2.41773E+13,2005050,SOCIEDADE BENEFICENTE NOSSA SENHORA DO BOM CONSELHO
0013h000010MbglAAC,2.30862E+13,2021064,HOSPITAL DAS CLINICAS DE SANTANA
0013h000010MeSJAA0,1.36889E+13,7029527,CENTRO MATERNO INFANTIL MED IMAGEM
0013h000010Mge9AAC,7.95457E+12,7061021,HOSPITAL REGIONAL DO SERTAO CENTRAL
0013h000010MhsuAAC,7.71837E+12,2328399,HOSPITAL E MATERNIDADE JESUS MARIA JOSE
0013h000010MjKgAAK,1.80993E+13,2205939,FUNDAJAN
0013h000010MnwVAAS,6.16996E+13,6601804,HOSPITAL E MATERNIDADE DR. ODELMO LEAO CARNEIRO
0013h000010MohzAAC,4.29454E+13,9590676,NEOCENTER
0013h000010MozXAAS,6.55356E+12,8015899,HOSPITAL ESTADUAL DIRCEU ARCOVERDE
0013h000010MvP5AAK,1.51264E+13,2655411,HOSPITAL UNIVERSITARIO JULIO MULLER
0013h00001BJvGcAAL,1.5194E+13,5407591,HOSPITAL SANTO AMARO
0013h00001BJx3qAAD,9.62105E+13,2259907,HOSPITAL REGIONAL DAS MISSOES
0013h000023b3iIAAQ,1.06706E+12,2115891,HOSPITAL VILA DA SERRA
0013h000029SJHxAAO,5.81985E+13,2025752,SANTA CASA DE SANTOS
0013h000029SJZaAAO,1.51664E+13,4251,HOSPITAL PORTUGUES
0013h000029SKJBAA4,2.56088E+12,3030121,HOSPITAL ANCHIETA
0013h000029SOegAAG,2.20733E+13,2111659,SANTA CASA DE MISERICORDIA DE LAVRAS
0013h000029SP11AAG,6.0195E+13,2522691,HOSPITAL E MATERNIDADE MARIETA KONDER BORNHAUSEN
0013h000029SeJlAAK,7.08802E+12,13633,HOSPITAL ANGELINA CARON
0013h000029StsuAAC,4.52322E+13,7965192,HOSPITAL UNIMED RIBEIRAO PRETO
0013h00002B5ltcAAB,2.26699E+13,2149990,SANTA CASA DE MONTES CLAROS
0014X00002kJTXqQAO,2.23157E+13,6998704,COMPLEXO HOSPITALAR DOS ESTIVADORES
0013h000010MtFsAAK,5.23149E+13,2090961,HOSPITAL CARLOS FERNANDO MALZONI
0013h000010MjQfAAK,2.27805E+13,4042085,HOSPITAL SAO PAULO
0013h000010Mv2CAAS,7.13263E+13,2084171,HOSPITAL E MATERNIDADE SAO JOSE
0013h000010MjWeAAK,2.51049E+13,2208172,HOSPITAL SANTA ROSALIA
0013h000010MihHAAS,2.97324E+12,2702886,COMPLEXO HOSPITALAR MATERNO INFANTIL DO MARANHAO
0013h000010MhfkAAC,6.09757E+13,2415488,HOSPITAL E MATERNIDADE SAO FRANCISCO DE ASSIS
0013h000010Mt5TAAS,4.47325E+13,2078872,HOSPITAL SANTA IGNES
0013h000010MrbJAAS,2.1094E+12,2656930,HOSPITAL RIO GRANDE
0013h000010MrwPAAS,9.27871E+13,2265052,HOSPITAL FEMINA
0013h000010MssDAAS,4.45935E+13,2023148,HOSPITAL SAMARITANO DE CAMPINAS
0013h000010Mv8RAAS,2.31228E+13,7849184,HOSPITAL SANTA MARIA DE SUZANO
0013h000023bAEwAAM,4.15978E+12,2017199,SAMEL
0013h00001BJvtlAAD,2.49936E+13,2206528,HOSPITAL NOSSA SENHORA DAS GRACAS
0013h000010Mud4AAC,4.46498E+13,2084368,HOSPITAL E MATERNIDADE NOSSA SENHORA DO ROSARIO
0013h000010MjoGAAS,5.38909E+12,7684,HOSPITAL FRANCISCO MAGALHAES
0013h000010MhjfAAC,6.35541E+13,9297502,HOSPITAL E MATERNIDADE EUGENIA PINHEIRO
0013h000010MtTYAA0,5.53582E+13,2080516,HOSPITAL IAMADA
0013h000010MrXRAA0,8.25624E+12,2410281,HOSPITAL MATERNIDADE ALMEIDA CASTRO
0013h000010MjUMAA0,2.39519E+13,2127989,HOSPITAL DAS CLINICAS SAMUEL LIBANIO
0013h000010MhsXAAS,2.62892E+12,2562499,HOSPITAL MATERNIDADE SAO LUCAS
0013h000010Mt9bAAC,5.07536E+13,2791722,SANTA CASA DE JAU
0013h000010MhAJAA0,6.35541E+13,9697217,HOSPITAL RIO AMAZONAS
0013h000010MjfJAAS,2.58634E+13,2761041,HOSPITAL REGIONAL DO SUL DE MINAS
0013h000010Mt7KAAS,6.09757E+13,2092298,SANTA CASA DE ITU
0013h000010MtDrAAK,5.17793E+13,2087111,IRMANDADE DA SANTA CASA DE MISERICORDIA DE LORENA
0013h000010MsRxAAK,8.29512E+13,2379341,MATERNIDADE DONA CATARINA KUSS
0013h000010Mu7wAAC,5.96104E+13,2080931,SANTA CASA DE SAO CARLOS
0013h000010Me5bAAC,1.17294E+13,6627595,INSTITUTO DA MULHER DONA LINDU
0013h000010MhdxAAC,1.53297E+13,2402564,HOSPITAL MUNICIPAL ESAU MATOS
0013h000010MvO4AAK,6.16996E+13,5200105,HOSPITAL MUNICIPAL PIMENTAS BONSUCESSO MANOEL DE PAIVA
0013h000010MoZ6AAK,4.63921E+13,9465464,HOSPITAL MUNICIPAL JOSANIAS CASTANHA BRAGA
0013h000010MalbAAC,4.63921E+13,5420938,HOSP MUN CARMEN PRUDENTE
0013h000010MuAhAAK,4.66435E+13,9628,HOSPITAL MUNICIPAL DR JOSE DE CARVALHO FLORENCE
0013h000010MaWYAA0,5.85316E+12,5703425,HOSPITAL MATERNO INFANTIL DE MARABA
0013h00001eVS8FAAW,2.42329E+13,9917322,HOSPITAL REGIONAL DR. ABELARDO SANTOS
0013h000018HDIxAAO,2.97324E+12,0,HOSPITAL REGIONAL DE BALSAS
0014X00002ldPiBQAU,2.42329E+13,0,MATERNIDADE DE RISCO HABITUAL ZONA NORTE DE MACAPA
0013h000023alu5AAA,1.0572E+13,2430711,HOSPITAL DOM MALAN
0013h000010MhBwAAK,4.46184E+12,2012480,MATERNIDADE DR MOURA TAPAJOZ
0013h000010MaT1AAK,6.97295E+11,2019558,MATERNIDADE BALBINA MESTRINHO
0013h000010MhA5AAK,4.66686E+12,2018055,HOSPITAL SANTA JULIA
0013h00001hHy6PAAS,2.51415E+13,24074,HOSPITAL E MATERNIDADE MUNICIPAL CELIA CAMARA
0013h000010MtJfAAK,5.25438E+13,2080052,HOSPITAL NOSSA SENHORA APARECIDA
0013h000010Mt1iAAC,6.04994E+13,2784602,HOSPITAL AUGUSTO DE OLIVEIRA CAMARGO
0013h000029SJX4AAO,4.63745E+13,2080273,HOSPITAL ESTADUAL MARIO COVAS DE SANTO ANDRE
0013h000010Mt8rAAC,5.04604E+13,2085194,HOSPITAL SAO FRANCISCO DE ASSIS
0013h000010MsyVAAS,4.63745E+13,2080079,HOSPITAL DR OSIRIS FLORINDO COELHO
0013h000010Mt1lAAC,4.63745E+13,2078562,HOSPITAL GERAL DE ITAQUAQUECETUBA
0013h000010MtQ5AAK,5.41222E+13,2755092,SANTA CASA DE MISERICORDIA DE PINDAMONHANGABA
0014X00002leGf3QAE,4.45637E+13,5616298,HOSPITAL REGIONAL DR. CLODOLFO RODRIGUES DE MELLO
0013h000010MtRBAA0,4.48039E+13,2080699,HOSPITAL UNIMED PIRACICABA
0014X00002lfLnyQAE,4.53592E+13,962589,HOSPITAL UNIMED SAO CARLOS - UNIDADE II
0013h000010LZabAAG,1.70876E+13,7433867,UNIDADE HOSPITALAR UMC - UBERLANDIA MEDICAL CENTER
0013h000029SS4gAAG,3.90358E+12,2472414,HOSPITAL E MATERNIDADE SANTA ANGELA TANGARA DA SERRA
0013h000010MZAuAAO,7.97244E+13,2754738,SANTA CASA DE PARANAVAI
0013h000029SRbsAAG,2.9435E+13,6878865,HOSPITAL E MATERNIDADE SANTA LUCIA
0014X00002fGvNUQA0,8.85774E+13,3508528,HOSPITAL UNIVERSITARIO DE CANOAS
0013h000010MjS9AAK,1.81709E+13,2726734,CLINICA VERA CRUZ
0013h000010Me5hAAC,6.97295E+11,3151794,MATERNIDADE DE REFERENCIA ANA BRAGA
0013h000010MjpJAAS,5.05493E+12,5585422,HOSPITAL REGIONAL DO BAIXO AMAZONAS DO PA DR WALDEMAR PENNA
0013h00002B5opBAAR,2.2981E+13,2615746,HOSPITAL GERAL DE PARAUAPEBAS MANOEL EVALDO BENEVIDES ALVES
0013h000010MihbAAC,2.97324E+12,2452782,HOSPITAL REGIONAL ALARICO NUNES PACHECO
0014X00002mj3L4QAI,2.75784E+13,7581467,MATERNIDADE UNIMED VITORIA
0014X00002mj3LOQAY,2.00812E+13,2761203,HOSPITAL DE NOSSA SENHORA DA SAUDE
0013h000023aWhsAAE,3.2441E+13,0,HOSPITAL UNIMED SUL CAPIXABA
0013h000010MhfVAAS,6.09757E+13,2481073,HOSPITAL SAO LUCAS
0013h000010MeeeAAC,7.95457E+12,6848710,HOSPITAL REGIONAL NORTE
0013h000010MhtyAAC,6.09757E+13,2560852,HOSPITAL MATERNIDADE MADALENA NUNES
0013h000026AOi6AAG,5.86828E+12,3528618,HOSPITAL UNIMED SUL
0013h000010MnfsAAC,7.00027E+12,2463016,HOSPITAL MUNICIPAL DE ACAILANDIA
0014X00002mkc00QAA,1.66765E+13,4585690,HOSPITAL MATER DEI NOVA LIMA
0013h000010MhepAAC,3.28451E+12,2564211,HOSPITAL MATERNIDADE SAO VICENTE DE PAULO
0013h000029S9i1AAC,6.35541E+13,2426099,HOSPITAL GERAL PADRE CICERO
0014X00002mj37qQAA,5.52292E+12,2727064,MATERNIDADE MUNICIPAL PROF WALL FERRAZ
0013h000023aR6UAAU,6.04709E+12,7659415,HOSPITAL OESTE D'OR
0013h000010Mn97AAC,3.21477E+13,7529384,HOSPITAL MUNICIPAL NOSSA SENHORA DE NAZARETH
0014X00002ldTNEQA2,4.01775E+13,0,HOSPITAL SAO LUIZ CAMPINAS
0013h000029STZjAAO,6.95878E+12,4056752,HOESP
0013h00001lOGwIAAW,8.52833E+13,2537397,HOSPITAL UNIMED CHAPECO
0013h000010MrjJAAS,8.86659E+13,2223562,HOSPITAL VIRVI RAMOS
0013h000010MvCvAAK,7.29578E+13,2081377,SANTA CASA
0013h000010MjSgAAK,2.34066E+13,2209195,HOSPITAL SANTA CASA DE PATROCINIO
0013h000010Ma55AAC,8.29512E+13,2594277,HOSPITAL MATERNO INFANTIL SANTA CATARINA
0013h000024qlWYAAY,7.25761E+13,3018520,HOSPITAL ANCHIETA CEILANDIA
0013h000010MjOrAAK,2.22631E+13,2173166,HOSPITAL CESAR LEITE
001Np00000t51kIIAQ,2.97324E+12,0,MATERNIDADE ESTADUAL HUMBERTO COUTINHO
0013h000010MozPAAS,6.55356E+12,2365146,HOSPITAL REGIONAL TIBERIO NUNES
0013h000010MjGKAA0,1.68812E+13,2480646,HOSPITAL IMACULADA CONCEICAO
0013h000010MhDOAA0,6.97295E+11,2013029,MATERNIDADE DR ANTENOR BARBOSA
0013h00002B5n4mAAB,6.27791E+13,2688689,SANTA CASA DE SAO PAULO HOSPITAL CENTRAL SAO PAULO
0013h00001gObjDAAS,1.51264E+13,2707675,HOSPITAL UNIVERSITARIO DR. MIGUEL RIET CORREA JUNIOR
0013h000029SJxyAAG,1.98784E+13,2205440,HOSPITAL MARCIO CUNHA
0013h000029SKY3AAO,1.51264E+13,3157245,HOSPITAL UNIV PROFESSOR POLYDORO ERNANI DE SAO THIAGO
